[
    {
        "_id": "5d713995b721c3bb38c1f5d0",
        "body": "dummy question",
        "options": [
            {
                "_id":1,
                "optionBody": "option 1"
            },{
                "_id":2,
                "optionBody": "option 2"
            },{
                "_id":3,
                "optionBody": "option 3"
            },{
                "_id":4,
                "optionBody": "option 4"
            }
        ],
        "answerId":2
    },
    {
        "_id": "5d713a66ec8f2b88b8f830b8",
        "body": "dummy question",
        "options": [
            {
                "_id":1,
                "optionBody": "option 1"
            },{
                "_id":2,
                "optionBody": "option 2"
            },{
                "_id":3,
                "optionBody": "option 3"
            },{
                "_id":4,
                "optionBody": "option 4"
            }
        ],
        "answerId":3
    },
    {
        "_id": "5d725a037b292f5f8ceff787",
        "body": "dummy question",
        "options": [
            {
                "_id":1,
                "optionBody": "option 1"
            },{
                "_id":2,
                "optionBody": "option 2"
            },{
                "_id":3,
                "optionBody": "option 3"
            },{
                "_id":4,
                "optionBody": "option 4"
            }
        ],
        "answerId":1
    },
    {
        "_id": "5d725a1b7b292f5f8ceff788",
        "body": "dummy question",
        "options": [
            {
                "_id":1,
                "optionBody": "option 1"
            },{
                "_id":2,
                "optionBody": "option 2"
            },{
                "_id":3,
                "optionBody": "option 3"
            },{
                "_id":4,
                "optionBody": "option 4"
            }
        ],
        "answerId":4
    }
]