[
    {
      "_id": "5d7a514b5d2c12c7449be045",
      "name": "Saswata Dutta",
      "email": "sd@gmail.com",
      "password": "123456"
    },
    {
      "_id": "5d7a514b5d2c12c7449be046",
      "name": "Raja Mistry",
      "email": "rm@gmail.com",
      "password": "123456"
    },
    {
      "_id": "5c8a1d5b0190b214360dc031",
      "name": "Sayak Mukherjee",
      "email": "sm@gmail.com",
      "password": "123456"
    },
    {
      "_id": "5c8a1d5b0190b214360dc032",
      "name": "Maharghya Ghosh",
      "email": "mg@gmail.com",
      "password": "123456"
    },
    {
      "_id": "5c8a1d5b0190b214360dc033",
      "name": "Satyabrata Das",
      "email": "sdas@gmail.com",
      "password": "123456"
    },
    {
      "_id": "5c8a1d5b0190b214360dc034",
      "name": "Souvik Banerjee",
      "email": "ssb@gmail.com",
      "password": "123456"
    }
  ]